3M Company ,120.780722,31.3237049,China
3M Company ,140.3922199,38.3978385,Japan
3M Company ,126.8414044,37.1102561,Korea
3M Company ,-81.8935859,41.1142305,United States
3M Company ,-93.0650431,41.3199819,United States
3M Company ,-94.3604312,44.881698,United States
3M Company ,-91.8842116,44.9009399,United States
AAC Technologies Holdings Incorporated ,113.9300198,22.5098639,China
AAC Technologies Holdings Incorporated ,119.9551598,31.6478704,China
AAC Technologies Holdings Incorporated ,119.948251,31.6616359,China
Advanced Semiconductor Engineering Incorporated ,121.588315,31.190315,China
Advanced Semiconductor Engineering Incorporated ,121.686548,31.225744,China
Advanced Semiconductor Engineering Incorporated ,120.6638973,31.3263611,China
Advanced Semiconductor Engineering Incorporated ,126.7136247,37.7277826,Korea
Advanced Semiconductor Engineering Incorporated ,120.3020301,22.7131563,Taiwan
Advanced Semiconductor Engineering Incorporated ,120.300447,22.719774,Taiwan
Advanced Semiconductor Engineering Incorporated ,120.3000043,22.7231982,Taiwan
Advanced Semiconductor Engineering Incorporated ,120.2997379,22.7239579,Taiwan
Advanced Semiconductor Engineering Incorporated ,121.2053963,24.9721514,Taiwan
Alps Electric Company Limited ,112.225334,22.69569,China
Alps Electric Company Limited ,120.385311,31.537518,China
Alps Electric Company Limited ,140.890278,37.056596,Japan
Alps Electric Company Limited ,139.1129893,37.9067429,Japan
Alps Electric Company Limited ,140.7818683,37.977024,Japan
Alps Electric Company Limited ,141.1201961,38.5380482,Japan
Alps Electric Company Limited ,140.9682448,38.5794928,Japan
Alps Electric Company Limited ,101.8141618,2.831737,Malaysia
Amkor Technology Incorporated ,121.609482,31.311319,China
Amkor Technology Incorporated ,136.2285829,36.1290417,Japan
Amkor Technology Incorporated ,140.705551,41.8689485,Japan
Amkor Technology Incorporated ,126.8543697,35.2316456,Korea
Amkor Technology Incorporated ,126.7044778,37.4527576,Korea
Amkor Technology Incorporated ,126.7039023,37.5248185,Korea
Amkor Technology Incorporated ,121.0528595,14.2740359,Philippines
Amkor Technology Incorporated ,121.0127529,24.7847158,Taiwan
Amkor Technology Incorporated ,121.0127529,24.7847158,Taiwan
Amkor Technology Incorporated ,121.0308245,24.8742968,Taiwan
Amkor Technology Incorporated ,121.3009798,24.9936281,Taiwan
Amphenol Corporation ,113.9170597,22.7546704,China
Amphenol Corporation ,120.15507,30.274084,China
Amphenol Corporation ,121.37329,31.102056,China
Amphenol Corporation ,-76.818936,40.1603323,United States
ams AG ,15.394364,46.9765224,Austria
ams AG ,121.1244973,14.1761051,Philippines
ams AG ,103.8727152,1.377628,Singapore
ams AG ,103.811756,1.448434,Singapore
Analog Devices Incorporated ,120.9196942,14.2607058,Philippines
Artesyn Embedded Technologies Incorporated ,113.823106,22.670944,China
Artesyn Embedded Technologies Incorporated ,111.5773883,22.753063,China
Artesyn Embedded Technologies Incorporated ,120.8696194,14.4075578,Philippines
Asahi Glass Company Limited ,5.0936855,51.2190098,Belgium
Asahi Glass Company Limited ,114.355466,22.71123,China
Asahi Glass Company Limited ,119.141473,28.074649,China
Asahi Glass Company Limited ,121.293227,31.015832,China
Asahi Glass Company Limited ,120.901217,31.181491,China
Asahi Glass Company Limited ,114.091192,32.147679,China
Asahi Glass Company Limited ,134.7692038,34.7647386,Japan
Asahi Glass Company Limited ,140.0713635,35.513185,Japan
Asahi Glass Company Limited ,140.3094495,37.4425783,Japan
Asahi Glass Company Limited ,99.0087343,18.5744058,Thailand
AT & S Austria Technologie & Systemtechnik Aktiengesellschaft ,106.5560714,29.5807886,China
AT & S Austria Technologie & Systemtechnik Aktiengesellschaft ,121.3671809,31.072237,China
Biel Crystal Manufactory Limited ,114.201841,22.632293,China
Biel Crystal Manufactory Limited ,113.8474927,22.9219018,China
BOE Technology Group Company Limited ,117.3396478,31.945112,China
Boyd Corporation ,113.979595,22.688814,China
Boyd Corporation ,120.375515,31.535593,China
Broadcom Limited,120.2790714,23.0956627,Taiwan
Broadcom Limited,-105.017032,40.52651,United States
Broadcom Limited,-75.4622444,40.607092,United States
Bumchun Precision Company Limited ,126.7396817,37.3113434,Korea
BYD Electronic (International) Company Limited ,114.6905436,22.4485685,China
BYD Electronic (International) Company Limited ,114.2777705,22.6865969,China
Career Technology (Mfg.) Company Limited ,120.980736,31.385597,China
Career Technology (Mfg.) Company Limited ,121.4233061,24.9850038,Taiwan
Catcher Technology Company Limited ,121.42076,28.65638,China
Catcher Technology Company Limited ,120.770586,31.319614,China
Catcher Technology Company Limited ,120.770586,31.319614,China
Catcher Technology Company Limited ,119.874858,32.423966,China
Catcher Technology Company Limited ,120.2436,23.0522247,Taiwan
Cathay Tat Ming Precision Metal Products Company Limited ,114.0550836,22.7194531,China
Cathay Tat Ming Precision Metal Products Company Limited ,114.0065414,22.8889985,China
Cathay Tat Ming Precision Metal Products Company Limited ,120.3854424,31.6315964,China
CCL Design (Suzhou) Company Limited ,120.6649399,31.324807,China
CCL Design (Suzhou) Company Limited ,80.0341085,12.7875179,India
CCL Design (Suzhou) Company Limited ,-103.521072,20.7293353,Mexico
CCL Design (Suzhou) Company Limited ,-4.2275906,55.7679433,United Kingdom
CCL Design (Suzhou) Company Limited ,-4.227563,55.7679595,United Kingdom
Cheng Loong Corporation ,113.664192,22.915902,China
Cheng Loong Corporation ,103.981646,30.507669,China
Cheng Loong Corporation ,121.556853,31.125078,China
Cheng Loong Corporation ,120.9994027,31.3284814,China
Cheng Loong Corporation ,114.193081,34.411494,China
Cheng Uei Precision Industry Company Limited (Foxlink) ,114.0135809,22.8362729,China
Cheng Uei Precision Industry Company Limited (Foxlink) ,113.943204,22.982097,China
Cheng Uei Precision Industry Company Limited (Foxlink) ,113.92141,22.98488,China
Cheng Uei Precision Industry Company Limited (Foxlink) ,113.933872,22.995838,China
Cheng Uei Precision Industry Company Limited (Foxlink) ,120.9569414,31.1877998,China
Cheng Uei Precision Industry Company Limited (Foxlink) ,118.507011,31.67044,China
Chengdu Homin Technology Company Limited ,103.955593,30.687959,China
China Circuit Technology (Shantou) Corporation,116.7126147,23.4307666,China
CN Innovations  Holdings Limited,114.066085,22.616853,China
CN Innovations  Holdings Limited,113.406243,22.796004,China
CN Innovations  Holdings Limited,120.763026,31.283685,China
Coilcraft Incorporated,116.393563,23.615678,China
Coilcraft Incorporated,111.2198977,35.1419352,China
Coilcraft Incorporated,104.2570841,1.00736,Indonesia
Coilcraft Incorporated,108.6180291,15.4406364,Vietnam
Compal Electronics Incorporated,106.59283,29.622586,China
Compal Electronics Incorporated,120.9787649,31.3524115,China
Compal Electronics Incorporated,118.810353,31.886462,China
Compeq Manufacturing Company Limited,114.1495011,23.2428438,China
Compeq Manufacturing Company Limited,107.2363744,29.7253066,China
Compeq Manufacturing Company Limited,120.80274,31.333159,China
Compeq Manufacturing Company Limited,120.80274,31.333159,China
Compeq Manufacturing Company Limited,121.3009798,24.9936281,Taiwan
Corning Incorporated,138.014324,34.674173,Japan
Corning Incorporated,138.014324,34.674173,Japan
Corning Incorporated,127.0571048,36.813074,Korea
Corning Incorporated,127.0571048,36.813074,Korea
Corning Incorporated,120.2784595,23.1181074,Taiwan
Corning Incorporated,120.2784595,23.1181074,Taiwan
Corning Incorporated,-84.829747,37.7576524,United States
Corning Incorporated,-84.829747,37.7576524,United States
Cosmosupplylab Limited,113.7994173,23.0243218,China
Cosmosupplylab Limited,113.7994173,23.0243218,China
Cosmosupplylab Limited,113.745951,23.090824,China
Cosmosupplylab Limited,113.745951,23.090824,China
Cowell E Holdings Incorporated,113.863942,23.027162,China
Cowell E Holdings Incorporated,113.863942,23.027162,China
Crealand Technology Limited,113.8674083,22.6225464,China
Crealand Technology Limited,113.8674083,22.6225464,China
CymMetrik Enterprise Company Limited,113.833622,22.634017,China
CymMetrik Enterprise Company Limited,113.833622,22.634017,China
CymMetrik Enterprise Company Limited,120.980736,31.385597,China
CymMetrik Enterprise Company Limited,114.193081,34.411494,China
Cypress Semiconductor Corporation,120.9196942,14.2607058,Philippines
Cypress Semiconductor Corporation,-97.7224425,30.2181728,United States
Darfon Electronics Corporation,120.554638,31.280651,China
Darfon Electronics Corporation,120.2270277,22.9997281,Taiwan
Delta Electronics Incorporated,113.014717,25.770509,China
Delta Electronics Incorporated,120.6642559,31.155965,China
Delta Electronics Incorporated,120.6727049,31.170566,China
Delta Electronics Incorporated,120.6940461,31.1751076,China
Delta Electronics Incorporated,121.0062859,24.7823005,Taiwan
Delta Electronics Incorporated,100.9222622,13.5709085,Thailand
Derkwoo Electronics Company Limited,128.4449186,36.1508624,Korea
Dexerials Corporation,139.867526,36.3649613,Japan
Dexerials Corporation,139.76597,36.548783,Japan
Dexerials Corporation,139.76597,36.548783,Japan
Diodes Incorporated,103.9237621,30.7679824,China
Diodes Incorporated,121.293318,31.01505,China
Diodes Incorporated,121.3346528,31.072108,China
Diodes Incorporated,11.1327391,50.505208,Germany
Diodes Incorporated,-2.1368544,53.5416144,United Kingdom
Diodes Incorporated,-121.9427781,37.4050286,United States
DSM Engineering Plastics Company Limited,120.4847597,31.845698,China
DSM Engineering Plastics Company Limited,5.7851182,50.988289,Netherlands
DSM Engineering Plastics Company Limited,6.9068804,52.7748058,Netherlands
Dynapack International Technology Corporation,120.675472,31.179912,China
ECCO Leather B.V.,118.1262662,24.7175969,China
ECCO Leather B.V.,4.9244928,51.6155317,Netherlands
Flex Limited,-47.3668112,-23.4300421,Brazil
Flex Limited,113.8731103,22.9816699,China
Flex Limited,79.9101668,12.8966598,India
Flex Limited,-97.7550611,30.4316955,United States
Flex Limited,-89.850793,35.007134,United States
Flexium Interconnect Incorporated,120.9694609,31.420043,China
Flexium Interconnect Incorporated,120.4238478,22.5804829,Taiwan
Foster Electric  Company Limited,108.366543,22.817002,China
Foster Electric  Company Limited,106.7136209,10.9244815,Vietnam
Foster Electric  Company Limited,108.1976504,16.0111516,Vietnam
Foster Electric  Company Limited,105.9668831,21.0780543,Vietnam
Fujikura Limited,121.612666,31.329028,China
Fujikura Limited,121.238083,31.359574,China
Fujikura Limited,101.8313938,14.0711985,Thailand
Fujikura Limited,100.6030615,14.115248,Thailand
Fujikura Limited,100.6030615,14.115248,Thailand
Fujikura Limited,100.637508,14.3164905,Thailand
Fujikura Limited,99.044439,18.5916352,Thailand
Fuyang Technology Corporation,120.585289,31.298974,China
Genius Electronic Optical Company Limited,118.119147,24.512907,China
GoerTek Incorporated,118.6335192,35.7547686,China
GoerTek Incorporated,119.165349,36.7253308,China
GoerTek Incorporated,106.11399,21.1530025,Vietnam
Golden Arrow Printing Company Limited,121.227747,31.032243,China
Golden Arrow Printing Company Limited,120.9935999,31.441069,China
Golden Arrow Printing Company Limited,120.969441,31.486081,China
Guangdong Ellington Electronics Technology Company Limited,113.39277,22.517585,China
Hama Naka Shoukin Industry Company Limited,121.0618739,31.361367,China
"Henkel AG & Company, KGaA",113.3867301,22.0423085,China
"Henkel AG & Company, KGaA",121.231679,37.559146,China
"Henkel AG & Company, KGaA",10.35427,48.86004,Germany
"Henkel AG & Company, KGaA",-70.8848981,42.8838346,United States
"Henkel AG & Company, KGaA",-92.9041772,44.5195603,United States
Hi-P International Limited,121.77782,31.102935,China
Hi-P International Limited,121.7762229,31.107386,China
Hi-P International Limited,121.618728,31.263515,China
Hi-P International Limited,120.631898,31.264212,China
Hi-P International Limited,120.9522268,31.891847,China
Hirose Electric  Company Limited,137.1785042,36.6441073,Japan
Hirose Electric  Company Limited,137.1739243,36.6634464,Japan
Hirose Electric  Company Limited,140.9623337,38.2946323,Japan
Hirose Electric  Company Limited,141.1110271,39.2615498,Japan
Hirose Electric  Company Limited,141.8976608,39.5029872,Japan
Hirose Electric  Company Limited,141.9718431,39.5833941,Japan
Hirose Electric  Company Limited,140.46725,40.8143144,Japan
Hirose Electric  Company Limited,126.7251219,37.3425683,Korea
Hitachi Limited,135.5110749,34.7494744,Japan
Hitachi Limited,133.2382213,35.4351447,Japan
Hitachi Limited,139.7673746,35.6786371,Japan
Hitachi Limited,140.263085,36.2166741,Japan
Hon Hai Precision Industry Company Limited (Foxconn),-46.9446307,-23.1360813,Brazil
Hon Hai Precision Industry Company Limited (Foxconn),113.455477,22.563429,China
Hon Hai Precision Industry Company Limited (Foxconn),114.0486217,22.6488536,China
Hon Hai Precision Industry Company Limited (Foxconn),114.0486217,22.6488536,China
Hon Hai Precision Industry Company Limited (Foxconn),114.019351,22.656408,China
Hon Hai Precision Industry Company Limited (Foxconn),114.0408451,22.696241,China
Hon Hai Precision Industry Company Limited (Foxconn),114.026475,22.724995,China
Hon Hai Precision Industry Company Limited (Foxconn),114.023932,22.743227,China
Hon Hai Precision Industry Company Limited (Foxconn),113.0763984,22.8495001,China
Hon Hai Precision Industry Company Limited (Foxconn),114.4588853,30.43984,China
Hon Hai Precision Industry Company Limited (Foxconn),103.9116575,30.767522,China
Hon Hai Precision Industry Company Limited (Foxconn),103.906679,30.775168,China
Hon Hai Precision Industry Company Limited (Foxconn),121.293753,31.024015,China
Hon Hai Precision Industry Company Limited (Foxconn),120.9182238,31.3308632,China
Hon Hai Precision Industry Company Limited (Foxconn),120.951009,31.417295,China
Hon Hai Precision Industry Company Limited (Foxconn),119.151479,33.5969739,China
Hon Hai Precision Industry Company Limited (Foxconn),113.8551,34.561004,China
Hon Hai Precision Industry Company Limited (Foxconn),113.7592328,34.7209888,China
Hon Hai Precision Industry Company Limited (Foxconn),113.625328,34.746611,China
Hon Hai Precision Industry Company Limited (Foxconn),113.38322,34.787375,China
Hon Hai Precision Industry Company Limited (Foxconn),114.821348,34.822211,China
Hon Hai Precision Industry Company Limited (Foxconn),112.601918,35.067243,China
Hon Hai Precision Industry Company Limited (Foxconn),112.880892,35.4960449,China
Hon Hai Precision Industry Company Limited (Foxconn),114.297201,35.748233,China
Hon Hai Precision Industry Company Limited (Foxconn),112.587937,37.744689,China
Hon Hai Precision Industry Company Limited (Foxconn),116.694544,39.502569,China
Hon Hai Precision Industry Company Limited (Foxconn),120.2844331,23.1053842,Taiwan
Hon Hai Precision Industry Company Limited (Foxconn),-97.2637378,32.9726698,United States
Hon Hai Precision Industry Company Limited (Foxconn),-97.2413511,32.9832646,United States
Hon Hai Precision Industry Company Limited (Foxconn),106.126945,21.25474,Vietnam
Hon Hai Precision Industry Company Limited (Foxconn) ,114.057715,22.5040859,China
Hon Hai Precision Industry Company Limited (Foxconn) ,120.8663747,30.9403554,China
Hon Hai Precision Industry Company Limited (Foxconn) ,113.740529,34.395562,China
Hon Hai Precision Industry Company Limited (Foxconn) ,113.7295547,34.4093383,China
Hon Hai Precision Industry Company Limited (Foxconn) ,80.1433281,12.9058499,India
Ibiden Company Limited,136.6134417,35.3593013,Japan
Ibiden Company Limited,136.6017757,35.3822971,Japan
Ibiden Company Limited,100.4518368,5.3101167,Malaysia
II-VI Incorporated,-88.2714379,40.1598486,United States
II-VI Incorporated,-74.5034807,40.6325143,United States
II-VI Incorporated,-75.263802,40.728385,United States
INB Electronics Limited,113.8184908,22.6678466,China
INB Electronics Limited,114.4914752,22.7422241,China
INB Electronics Limited,114.908872,26.789958,China
Infineon Technologies AG,13.8566941,46.5958017,Austria
Infineon Technologies AG,12.0527533,49.0218336,Germany
Infineon Technologies AG,13.7724,51.10325,Germany
Infineon Technologies AG,102.2624455,2.2329135,Malaysia
Infineon Technologies AG,100.5906718,5.3997181,Malaysia
Intel Corporation,103.9237621,30.7679824,China
Intel Corporation,121.8781219,39.0791989,China
Intel Corporation,-6.4900033,53.3638428,Ireland
Intel Corporation,34.919297,32.277644,Israel
Intel Corporation,100.2832409,5.308987,Malaysia
Intel Corporation,-111.892444,33.2431262,United States
Intel Corporation,-106.6564664,35.238611,United States
Intel Corporation,-122.9138953,45.5470464,United States
Intel Corporation,106.7978961,10.8528932,Vietnam
Interflex Company Limited,126.7650881,37.3165428,Korea
Intramedia Incorporated,113.8300163,22.7970279,China
Intramedia Incorporated,120.672481,31.343475,China
Inventec Corporation,121.507904,31.103979,China
J.Pond Industry (Dongguan) Company Limited,113.943978,22.940016,China
J.Pond Industry (Dongguan) Company Limited ,121.0737559,31.3505438,China
Jabil Incorporated,113.786096,22.738381,China
Jabil Incorporated,114.456539,22.789101,China
Jabil Incorporated,113.480366,23.10927,China
Jabil Incorporated,103.6986479,30.5988255,China
Jabil Incorporated,120.770586,31.319614,China
Jabil Incorporated,120.658977,31.335549,China
Jabil Incorporated,119.798575,31.351552,China
Jabil Incorporated,119.798575,31.351552,China
Jabil Incorporated,120.31191,31.491169,China
Jabil Incorporated,120.402025,31.496789,China
Jabil Incorporated,117.008826,39.141152,China
Jabil Incorporated,120.6452517,24.2265568,Taiwan
Japan Aviation Electronics Industry Limited,140.3273055,38.8123224,Japan
Japan Aviation Electronics Industry Limited,140.4772954,40.6385643,Japan
Japan Display Incorporated,113.8488734,22.9036528,China
Japan Display Incorporated,114.0859502,23.0243746,China
Japan Display Incorporated,120.980736,31.385597,China
Japan Display Incorporated,136.5530304,36.4650926,Japan
Japan Display Incorporated,136.5529703,36.530632,Japan
Jiangsu Changjiang Electronics Technology Company Limited,120.4592209,31.9352252,China
Jiangsu Changjiang Electronics Technology Company Limited,125.0841959,42.9140499,China
Jiangsu Changjiang Electronics Technology Company Limited,126.4587243,34.7713313,Korea
Jiangsu Changjiang Electronics Technology Company Limited,127.4868935,37.2836004,Korea
Jiangsu Changjiang Electronics Technology Company Limited,103.842371,1.439902,Singapore
Jiangsu Changjiang Electronics Technology Company Limited,120.9674798,24.8138287,Taiwan
Jinlong Machinery & Electronic Company Limited,113.745395,22.836354,China
Jinlong Machinery & Electronic Company Limited,113.831309,23.019728,China
Jinlong Machinery & Electronic Company Limited,120.8598005,28.0371736,China
Jones Tech PLC,120.359393,31.513349,China
JXTG Holdings Incorporated,139.3830864,35.3962521,Japan
Kantatsu Company Limited,119.122349,34.607655,China
KEMET Corporation,118.036706,24.5588969,China
KEMET Corporation,120.804522,31.307984,China
KEMET Corporation,101.7068294,0.2933469,Indonesia
KEMET Corporation,104.0253852,1.0683851,Kepulauan
KEMET Corporation,-99.154566,23.765824,Mexico
KEMET Corporation,100.9222622,13.5709085,Thailand
KEMET Corporation,106.884901,10.9296626,Vietnam
Kinsus Interconnect Technology Corporation,121.350833,24.736944,Taiwan
Kinsus Interconnect Technology Corporation,120.9877265,24.8930011,Taiwan
Knowles Corporation,120.5735183,31.4468403,China
Knowles Corporation,100.2943799,5.3190859,Malaysia
Kunshan Kersen Science & Technology Company Limited ,121.0774229,31.3461138,China
Kunshan Kersen Science & Technology Company Limited ,121.0425229,31.362581,China
Kunshan Kersen Science & Technology Company Limited ,120.2937526,32.8975481,China
Kyocera Corporation ,113.874378,23.10591,China
Kyocera Corporation ,130.7633282,31.7407317,Japan
Kyocera Corporation ,130.3034644,31.8132856,Japan
Kyocera Corporation ,136.2075751,35.112626,Japan
Kyocera Corporation ,135.2583674,35.298807,Japan
Kyocera Corporation ,138.057903,36.083832,Japan
Kyocera Corporation ,140.4349255,38.4601173,Japan
Laird PLC,113.7935171,22.6942167,China
Laird PLC,121.1470889,30.999119,China
Laird PLC,121.372737,31.0490715,China
Laird PLC,120.977431,31.361651,China
Largan Precision  Company Limited,113.993116,22.974855,China
Largan Precision  Company Limited,120.6044223,24.1471832,Taiwan
Lens Technology  Company Limited,113.643076,28.162833,China
Lens Technology  Company Limited,112.9800685,28.2201847,China
LG Chem Limited,118.8657989,32.1624468,China
LG Chem Limited,127.4153256,36.6957795,Korea
LG Chem Limited,127.4153256,36.6957795,Korea
LG Display Company Limited,114.021541,22.656581,China
LG Display Company Limited,113.485349,23.1624889,China
LG Display Company Limited,118.8927744,32.1514196,China
LG Display Company Limited,121.179552,37.568993,China
LG Display Company Limited,128.403828,36.0965757,Korea
LG Display Company Limited,126.7612555,37.8133325,Korea
LG Innotek Company Limited,128.3834718,36.090621,Korea
LG Innotek Company Limited,128.3813419,36.1161253,Korea
LG Innotek Company Limited,128.3793249,36.116175,Korea
LG Innotek Company Limited,128.4160417,36.1237662,Korea
LG Innotek Company Limited,127.4301839,36.6488694,Korea
LG Innotek Company Limited,106.5716218,20.8576524,Vietnam
Lite-On Technology Corporation,-60.0319567,-3.0016583,Brazil
Lite-On Technology Corporation,114.1496511,22.6070718,China
Lite-On Technology Corporation,113.815268,22.794206,China
Lite-On Technology Corporation,113.530983,23.1248729,China
Lite-On Technology Corporation,113.450985,23.171967,China
Lite-On Technology Corporation,121.273286,31.0884664,China
Lite-On Technology Corporation,120.383668,31.52786,China
Lite-On Technology Corporation,119.923538,31.651029,China
Lite-On Technology Corporation,112.453926,34.620202,China
Lite-On Technology Corporation,117.066262,39.402465,China
Longwell Company,113.8447382,22.8002129,China
Luen Fung Group,114.136944,22.74695,China
Lumileds Holding B.V.,100.2917312,5.3026963,Malaysia
Lumileds Holding B.V.,103.8339432,1.430522,Singapore
Luxshare Precision Industry Company Limited ,114.9251648,26.9920095,China
Luxshare Precision Industry Company Limited ,114.917103,27.019255,China
Luxshare Precision Industry Company Limited ,120.902582,31.171888,China
Luxshare Precision Industry Company Limited ,120.9573982,31.177822,China
Luxshare Precision Industry Company Limited ,120.9364534,31.1802349,China
Luxshare Precision Industry Company Limited ,120.9463535,31.183884,China
Luxshare Precision Industry Company Limited ,118.328321,32.253425,China
Luxshare Precision Industry Company Limited ,106.1513817,21.2461747,Vietnam
LY Investment (HK) Limited,112.7191585,22.3783974,China
LY Investment (HK) Limited,114.065595,22.6652304,China
LY Investment (HK) Limited,113.851562,22.770126,China
LY Investment (HK) Limited,114.005084,22.891759,China
LY Investment (HK) Limited,113.999078,22.892264,China
LY Investment (HK) Limited,113.965588,23.018472,China
LY Investment (HK) Limited,103.7060978,30.5862872,China
LY Investment (HK) Limited,120.5007509,31.4255956,China
LY Investment (HK) Limited,120.5938598,31.4352314,China
LY Investment (HK) Limited,120.408317,31.487579,China
LY Investment (HK) Limited,120.8496399,32.7517766,China
LY Investment (HK) Limited,120.317772,32.875754,China
LY Investment (HK) Limited,120.383019,32.880106,China
LY Investment (HK) Limited,113.625328,34.746611,China
LY Investment (HK) Limited ,114.0080396,22.8927006,China
Marian Incorporated,114.02017,22.654652,China
Marian Incorporated,120.80274,31.333159,China
Marian Incorporated,120.8368346,31.3386781,China
Maxim Integrated Products Incorporated,120.9196942,14.2607058,Philippines
Maxim Integrated Products Incorporated,-98.6758741,29.4716396,United States
Maxim Integrated Products Incorporated,-121.9499774,37.4054899,United States
Maxim Integrated Products Incorporated,-121.9474888,37.4098421,United States
Maxim Integrated Products Incorporated,-122.8247273,45.5019793,United States
Merry Electronics  Company Limited,120.646858,31.3952599,China
Microchip Technology Incorporated,-104.805336,38.7883841, United States
Microchip Technology Incorporated,-1.554138,47.2377752,France
Microchip Technology Incorporated,10.3728191,63.3639886,Norway
Microchip Technology Incorporated,121.0910919,14.2128283,Philippines
Microchip Technology Incorporated,101.0383642,13.7320905,Thailand
Microchip Technology Incorporated,-1.3264226,50.8576269,United Kingdom
Microchip Technology Incorporated,-121.927641,37.376767,United States
Micron Technology Incorporated,108.925422,34.354866,China
Micron Technology Incorporated,132.2985,34.43093,Japan
Micron Technology Incorporated,103.8647432,1.3185218,Singapore
Micron Technology Incorporated,120.6165979,24.2050871,Taiwan
Micron Technology Incorporated,120.7256664,24.3174976,Taiwan
Micron Technology Incorporated,121.3738703,25.038858,Taiwan
MinebeaMitsumi Incorporated,104.7799202,11.4920999,Cambodia
MinebeaMitsumi Incorporated,121.0396707,31.007172,China
MinebeaMitsumi Incorporated,120.770586,31.319614,China
MinebeaMitsumi Incorporated,120.1578027,35.9873886,China
MinebeaMitsumi Incorporated,141.5959526,42.8001532,Japan
MinebeaMitsumi Incorporated,124.0140113,10.5005022,Philippines
MinebeaMitsumi Incorporated,100.604625,14.2427362,Thailand
MinebeaMitsumi Incorporated,100.7089063,14.7677239,Thailand
Molex Incorporated,121.586926,31.347802,China
Molex Incorporated,130.8753309,31.3612788,Japan
Molex Incorporated,138.254283,34.7508643,Japan
Molex Incorporated,100.4204088,5.3508428,Malaysia
Molex Incorporated,-96.7304463,40.8506551,United States
Murata Manufacturing Company Limited,113.232329,22.158869,China
Murata Manufacturing Company Limited,114.382821,22.724397,China
Murata Manufacturing Company Limited,120.382209,31.532046,China
Murata Manufacturing Company Limited,120.3804655,31.5353408,China
Murata Manufacturing Company Limited,134.0910457,34.6684372,Japan
Murata Manufacturing Company Limited,136.2179752,35.0997745,Japan
Murata Manufacturing Company Limited,132.8079599,35.3858745,Japan
Murata Manufacturing Company Limited,136.1461036,35.895976,Japan
Murata Manufacturing Company Limited,136.0652125,35.925103,Japan
Murata Manufacturing Company Limited,136.197144,35.974981,Japan
Murata Manufacturing Company Limited,136.224809,36.222224,Japan
Murata Manufacturing Company Limited,137.9094547,36.2902601,Japan
Murata Manufacturing Company Limited,138.4512446,36.3240373,Japan
Murata Manufacturing Company Limited,136.457823,36.402215,Japan
Murata Manufacturing Company Limited,136.4926783,36.4592365,Japan
Murata Manufacturing Company Limited,136.6190866,36.4934898,Japan
Murata Manufacturing Company Limited,137.2146356,36.6417368,Japan
Murata Manufacturing Company Limited,136.7872223,36.8933342,Japan
Murata Manufacturing Company Limited,136.9124314,37.2310256,Japan
Murata Manufacturing Company Limited,141.1878521,38.6893457,Japan
Murata Manufacturing Company Limited,101.0015391,4.4639194,Malaysia
Murata Manufacturing Company Limited,103.6644549,1.3204788,Singapore
Murata Manufacturing Company Limited,99.044439,18.5916352,Thailand
Murata Manufacturing Company Limited,106.3047615,10.4757047,Vietnam
Murata Manufacturing Company Limited,106.8706124,10.9187349,Vietnam
Murata Manufacturing Company Limited,108.1487964,16.0760242,Vietnam
MYS Group Company Limited,114.10316,23.024132,China
MYS Group Company Limited,120.6975608,31.1196192,China
Nanya Technology Corporation,120.966776,31.335116,China
Nanya Technology Corporation,121.4144029,25.0475248,Taiwan
Nanya Technology Corporation,121.2936256,25.0478559,Taiwan
Nichia Corporation,134.659438,33.9217662,Japan
Nichia Corporation,134.659438,33.9217662,Japan
Nichia Corporation,134.5248801,34.1343712,Japan
Nidec Corporation,114.154861,22.671048,China
Nidec Corporation,113.6653584,22.8301539,China
Nidec Corporation,121.0574148,14.2754629,Philippines
Nidec Corporation,106.7299356,10.7523876,Vietnam
Nissha Company Limited,136.5003672,34.7875861,Japan
Nissha Company Limited,134.5713756,34.7995674,Japan
Nissha Company Limited,136.16043,34.991116,Japan
Nissha Company Limited,136.3036243,36.2994667,Japan
Nitto Denko Corporation,105.843357,32.435435,China
Nitto Denko Corporation,133.183891,34.445427,Japan
Nitto Denko Corporation,137.4778511,34.718605,Japan
Nitto Denko Corporation,136.4241309,34.8616507,Japan
Nitto Denko Corporation,128.4347388,36.1360998,Korea
Nitto Denko Corporation,126.9431993,37.0333353,Korea
NOK Corporation,113.2767811,22.2363656,China
NOK Corporation,118.2464716,24.6304994,China
NOK Corporation,120.694905,31.347059,China
NOK Corporation,140.7286875,35.8514994,Japan
NOK Corporation,140.14955,35.9793964,Japan
NOK Corporation,120.427048,22.589198,Taiwan
NOK Corporation,120.3014353,22.6272784,Taiwan
NOK Corporation,120.2397336,23.1763401,Taiwan
NOK Corporation,100.582762,14.190544,Thailand
NOK Corporation,100.5871835,14.205279,Thailand
NXP Semiconductors N.V.,120.3014353,22.6272784,Taiwan
O-film Tech Company Limited,113.432404,23.167112,China
O-film Tech Company Limited,115.858197,28.682892,China
O-film Tech Company Limited,115.858197,28.682892,China
O-film Tech Company Limited,115.8071883,28.712159,China
ON Semiconductor Corporation,3.5969393,50.8594899,Belgium
ON Semiconductor Corporation,113.926237,22.5876889,China
ON Semiconductor Corporation,103.765678,29.552115,China
ON Semiconductor Corporation,18.1476959,49.4567867,Czech Republic
ON Semiconductor Corporation,139.6172469,35.5076056,Japan
ON Semiconductor Corporation,138.7951216,37.3143204,Japan
ON Semiconductor Corporation,126.7862105,37.512694,Korea
ON Semiconductor Corporation,101.978871,2.678701,Malaysia
ON Semiconductor Corporation,101.9835842,2.6831804,Malaysia
ON Semiconductor Corporation,123.983185,10.328071,Philippines
ON Semiconductor Corporation,121.0316499,14.3089659,Philippines
ON Semiconductor Corporation,120.603104,15.43315,Philippines
ON Semiconductor Corporation,-75.893996,41.1430202,United States
ON Semiconductor Corporation,-112.4148535,42.8659351,United States
ON Semiconductor Corporation,-116.5345548,43.5963888,United States
ON Semiconductor Corporation,-70.3252011,43.6407309,United States
ON Semiconductor Corporation,-122.4266357,45.5247688,United States
Pai Shing International Limited,113.667097,22.916058,China
Pai Shing International Limited,106.2191051,29.5390508,China
Panasonic Corporation,120.495312,31.248366,China
Panasonic Corporation,120.495273,31.323082,China
Panasonic Corporation,120.382609,36.067108,China
Panasonic Corporation,117.703133,39.031935,China
Panasonic Corporation,106.8635138,-6.401925,Indonesia
Panasonic Corporation,107.0776285,-6.2982126,Indonesia
Panasonic Corporation,107.0901807,-6.2702531,Indonesia
Panasonic Corporation,130.1222325,33.2189268,Japan
Panasonic Corporation,135.7961435,34.925721,Japan
Panasonic Corporation,134.0508518,35.0603344,Japan
Panasonic Corporation,136.219623,36.0641386,Japan
Panasonic Corporation,136.9622228,36.6474737,Japan
Panasonic Corporation,138.2631422,37.0538661,Japan
Panasonic Corporation,141.5904061,42.8367336,Japan
Panasonic Corporation,101.4998196,3.055034,Malaysia
Panasonic Corporation,103.9292631,1.3204954,Singapore
Pegatron Corporation,120.9767942,30.8604635,China
Pegatron Corporation,121.313651,30.882734,China
Pegatron Corporation,121.3500853,30.884602,China
Pegatron Corporation,121.32613,31.021643,China
Pegatron Corporation,121.302694,31.039431,China
Pegatron Corporation,121.617871,31.137747,China
Pegatron Corporation,121.616346,31.137855,China
Pegatron Corporation,121.014265,31.302553,China
Pegatron Corporation,121.0205605,31.3027668,China
Pegatron Corporation,120.770586,31.319614,China
Pegatron Corporation,120.523521,31.330502,China
Pegatron Corporation,119.996961,33.33971,China
Pegatron Corporation,18.2653255,49.77167,Czech Republic
Pegatron Corporation,139.8273772,35.6673237,Japan
Pegatron Corporation,126.8861139,37.4681345,Korea
Pegatron Corporation,103.9209444,1.3238869,Singapore
Pegatron Corporation,121.3009798,24.9936281,Taiwan
Pegatron Corporation,-121.471177,38.429289,United States
Phone In Mag-Electronics Company Limited,113.813068,23.099651,China
Phone In Mag-Electronics Company Limited,121.5204636,29.762829,China
Phone In Mag-Electronics Company Limited,114.091192,32.147679,China
Pioneer Material Precision Tech Company Limited,113.743609,23.042926,China
Pioneer Material Precision Tech Company Limited,120.80899,31.62943,China
Pioneer Material Precision Tech Company Limited,-112.0740373,33.4483771,China
POSCO,129.3829641,35.9985766,Korea
POSCO,126.7624792,37.3129284,Korea
Primax Electronics Limited,113.751799,23.020673,China
Primax Electronics Limited,120.9649185,31.4109568,China
Qorvo Incorporated,116.4086304,37.435938,China
Qorvo Incorporated,116.5386301,39.7761922,China
Qorvo Incorporated,-84.1467866,9.9795774,Costa Rica
Qorvo Incorporated,-81.4666907,28.6498512,United States
Qorvo Incorporated,-96.7259852,32.9998389,United States
Qorvo Incorporated,-79.9651702,36.0763408,United States
Qorvo Incorporated,-122.9358412,45.539663,United States
Quadrant Solutions,119.693246,29.759958,China
Qualcomm Incorporated,15.2303445,46.8228428,Austria
Qualcomm Incorporated,120.39696,31.518787,China
Qualcomm Incorporated,11.6078503,48.1212231,Germany
Qualcomm Incorporated,103.8751419,1.3247718,Singapore
Quanta Computer Incorporated,106.4814838,29.6308948,China
Quanta Computer Incorporated,121.2965348,31.0145684,China
Quanta Computer Incorporated,121.2965348,31.0145684,China
Quanta Computer Incorporated,120.7051519,31.7053679,China
Quanta Computer Incorporated,-121.976895,37.4966862,United States
R.R. Donnelley & Sons Company,113.8454199,22.7489128,China
R.R. Donnelley & Sons Company,103.948053,30.795329,China
R.R. Donnelley & Sons Company,121.156638,31.172344,China
R.R. Donnelley & Sons Company,120.8733903,31.3561817,China
R.R. Donnelley & Sons Company,14.2613227,50.046048,Czech Republic
Radiant Opto-Electronics Corporation,113.462525,22.557862,China
Radiant Opto-Electronics Corporation,119.207562,32.103475,China
Radiant Opto-Electronics Corporation,118.871107,32.163794,China
Renesas Electronics Corporation,120.770586,31.319614,China
Renesas Electronics Corporation,129.8778888,32.7503334,Japan
Renesas Electronics Corporation,135.8552084,35.0178371,Japan
Renesas Electronics Corporation,139.6651331,35.5737823,Japan
Renesas Electronics Corporation,139.0392432,36.2938391,Japan
Renesas Electronics Corporation,140.5155703,36.3963892,Japan
Renesas Electronics Corporation,100.2832409,5.308987,Malaysia
Renesas Electronics Corporation,100.5936173,5.4086026,Malaysia
Risuntek Incorporated,114.042592,22.993053,China
Robert Bosch GmbH,9.1909427,48.4963768,Germany
Rohm Company Limited,117.244902,39.003712,China
Rohm Company Limited,131.4202196,31.9077285,Japan
Rohm Company Limited,130.4936331,33.1957484,Japan
Rohm Company Limited,130.5508575,33.2543384,Japan
Rohm Company Limited,131.0242775,33.6996364,Japan
Rohm Company Limited,133.5258385,34.4982141,Japan
Rohm Company Limited,135.7667466,35.0052906,Japan
Rohm Company Limited,102.3004015,6.1403165,"Kelantan,"
Rohm Company Limited,127.3981987,36.4442556,Korea
Rohm Company Limited,121.0520146,14.3163819,Philippines
Rohm Company Limited,100.6030615,14.115248,Thailand
SABIC Innovative Plastics,113.5374067,22.7050863,China
SABIC Innovative Plastics,121.611733,31.3201359,China
SABIC Innovative Plastics,-87.9334228,37.9052716,United States
Salcomp Plc,-59.9337239,-3.0908019,Brazil
Salcomp Plc,114.377094,22.7474281,China
Salcomp Plc,79.9263628,12.8507525,India
Samsung Electronics Company Limited,120.774037,31.316447,China
Samsung Electronics Company Limited,120.770586,31.319614,China
Samsung Electronics Company Limited,127.062473,36.7660129,Korea
Samsung Electronics Company Limited,127.0516906,36.8003919,Korea
Samsung Electronics Company Limited,127.143142,36.8785965,Korea
Samsung Electronics Company Limited,127.0719188,37.2244573,Korea
Samsung Electronics Company Limited,127.06565,37.2391824,Korea
Samsung Electronics Company Limited,127.1002733,37.7996252,Korea
Samsung Electronics Company Limited,-97.637115,30.3756106,United States
Samsung Electronics Company Limited,105.994464,21.197773,Vietnam
Samsung SDI. Company Limited,117.244044,39.005369,China
Samsung SDI. Company Limited,117.234568,39.0797729,China
Samsung SDI. Company Limited,117.0274089,39.40759,China
Samsung SDI. Company Limited,129.0756416,35.1795543,Korea
Samsung SDI. Company Limited,121.1329077,14.2063459,Philippines
Seiko Advance Limited,139.635638,36.0202749,Japan
Sekisui Chemical  Company Limited,121.38086,31.070288,China
Seoul Semiconductor Company Limited,126.7867385,37.3046953,Korea
Shandong Innovation Group,117.7888481,36.9004139,China
Sharp Corporation,120.31191,31.491169,China
Sharp Corporation,120.363389,31.526532,China
Sharp Corporation,136.426616,34.8886803,Japan
Sharp Corporation,136.3864672,34.8936375,Japan
Sharp Corporation,106.6796316,11.0722886,Vietnam
Shenzhen Desay Battery Technology Company Limited,114.3649954,23.0297259,China
Shenzhen Desay Battery Technology Company Limited,114.424548,23.114234,China
Shenzhen Fortunta Technology Company Limited,114.0550836,22.7194531,China
Shenzhen Fortunta Technology Company Limited,114.130619,22.962453,China
Shenzhen Sunway Communication Company Limited,113.8323092,22.7098481,China
Shenzhen Sunway Communication Company Limited,113.829667,22.720595,China
Shenzhen Sunway Communication Company Limited,119.4635946,31.7373125,China
Shenzhen Sunway Communication Company Limited,116.526331,39.7879359,China
Shenzhen YUTO Packaging Technology Company Limited ,113.964096,22.7063059,China
Shenzhen YUTO Packaging Technology Company Limited ,103.7005972,30.621839,China
Shenzhen YUTO Packaging Technology Company Limited ,121.049806,31.224113,China
Shenzhen YUTO Packaging Technology Company Limited ,121.026287,31.265162,China
Shenzhen YUTO Packaging Technology Company Limited ,121.0304662,31.2667103,China
Shenzhen YUTO Packaging Technology Company Limited ,113.8047065,34.182542,China
Shenzhen YUTO Packaging Technology Company Limited ,77.6412636,12.9681874,India
Shenzhen YUTO Packaging Technology Company Limited ,106.11399,21.1530025,Vietnam
Shin Zu Shing  Company Limited,121.4198606,24.9815605,Taiwan
Simplo Technology Company Limited,120.7895359,31.599896,China
SK hynix Incorporated,106.374496,29.600238,China
SK hynix Incorporated,120.3808345,31.5388079,China
SK hynix Incorporated,127.4308588,36.6519908,Korea
SK hynix Incorporated,127.4834936,37.250125,Korea
Skyworks Solutions Incorporated,135.4997463,34.6950718,Japan
Skyworks Solutions Incorporated,135.5741497,34.7393696,Japan
Skyworks Solutions Incorporated,-115.4149712,32.6353959,Mexico
Skyworks Solutions Incorporated,103.9292631,1.3204954,Singapore
Skyworks Solutions Incorporated,-118.9278259,34.1869454,United States
Skyworks Solutions Incorporated,-71.1645583,42.4993304,United States
SMK Corporation,113.96142,22.584444,China
SMK Corporation,113.7243017,23.0742461,China
SMK Corporation,137.1242133,36.593312,Japan
SMK Corporation,140.6859798,36.6713751,Japan
Solvay SA,3.5888682,50.858406,Belgium
Solvay SA,120.758775,31.650448,China
Solvay SA,-81.5150675,39.372579,United States
Sony Corporation,130.7633915,31.7435992,Japan
Sony Corporation,130.0094607,32.8228168,Japan
Sony Corporation,139.8365819,38.74591,Japan
STMicroelectronics N.V.,114.048321,22.504348,China
STMicroelectronics N.V.,5.6049479,43.4737301,France
STMicroelectronics N.V.,5.8844946,45.2671069,France
STMicroelectronics N.V.,0.6855443,47.4287007,France
STMicroelectronics N.V.,9.3623793,45.5716084,Italy
STMicroelectronics N.V.,14.4847012,35.8476653,Malta
STMicroelectronics N.V.,121.1454906,14.1934972,Philippines
STMicroelectronics N.V.,103.8524226,1.3320572,Singapore
STMicroelectronics N.V.,103.865508,1.3754,Singapore
Stora Enso Oyj,113.7326964,23.0894274,China
Stora Enso Oyj,120.967848,30.852316,China
Stora Enso Oyj,119.9255934,31.6427274,China
Stora Enso Oyj,118.719439,39.998934,China
Sumida Corporation,114.098474,22.761241,China
Sumida Corporation,113.384129,22.937244,China
Sumida Corporation,111.694586,28.95634,China
Sumitomo Chemical Company Limited,120.411565,31.503884,China
Sumitomo Chemical Company Limited,133.2833918,33.9602876,Japan
Sumitomo Electric Industries Limited,113.8447382,22.8002129,China
Sumitomo Electric Industries Limited,136.16043,34.991116,Japan
Sumitomo Electric Industries Limited,141.4882743,40.5122055,Japan
Sumitomo Electric Industries Limited,121.0938078,14.2318504,Philippines
Sumitomo Electric Industries Limited,105.7777165,21.1235281,Vietnam
Sunrex Technology Corporation,120.8502212,31.056198,China
Sunwoda Electronic  Company Limited,113.9313098,22.6806363,China
Sunwoda Electronic  Company Limited,77.3830967,28.6268976,India
Suzhou Anjie Technology Company Limited,120.402379,31.27795,China
Suzhou Dongshan Precision Manufacturing Company Limited ,120.551855,31.180557,China
Suzhou Dongshan Precision Manufacturing Company Limited ,120.553305,31.187408,China
Suzhou Dongshan Precision Manufacturing Company Limited ,120.6439848,31.2482941,China
Suzhou Dongshan Precision Manufacturing Company Limited ,120.8572611,31.2694935,China
Suzhou Dongshan Precision Manufacturing Company Limited ,119.7889248,33.1401715,China
Suzhou Dongshan Precision Manufacturing Company Limited ,120.153712,33.338283,China
Suzhou Dongshan Precision Manufacturing Company Limited ,120.6453249,31.23088,"Suzhou,"
Swiftronic Holding Pte. Limited,121.795648,30.9137275,China
Swiftronic Holding Pte. Limited ,113.9386487,22.6823452,China
Taishan City Kam Kiu Aluminium Extrusion Company Limited,112.950605,22.111616,China
Taiwan Hodaka Technology Company Limited ,120.2840219,23.1052986,Taiwan
Taiwan Semiconductor Manufacturing Company Limited ,120.2270277,22.9997281,Taiwan
Taiwan Semiconductor Manufacturing Company Limited ,120.2270277,22.9997281,Taiwan
Taiwan Semiconductor Manufacturing Company Limited ,120.2717003,23.1100958,Taiwan
Taiwan Semiconductor Manufacturing Company Limited ,120.6172297,24.2136998,Taiwan
Taiwan Semiconductor Manufacturing Company Limited ,121.0062859,24.7823005,Taiwan
Taiwan Semiconductor Manufacturing Company Limited ,121.0062859,24.7823005,Taiwan
Taiwan Semiconductor Manufacturing Company Limited ,121.0062859,24.7823005,Taiwan
Taiwan Semiconductor Manufacturing Company Limited ,121.0062859,24.7823005,Taiwan
Taiwan Semiconductor Manufacturing Company Limited ,121.1855573,24.8836369,Taiwan
Taiwan Semiconductor Manufacturing Company Limited ,-122.455455,45.6195611,United States
Taiyo Yuden Company Limited ,113.813068,23.099651,China
Taiyo Yuden Company Limited ,135.2226575,33.8195143,Japan
Taiyo Yuden Company Limited ,139.1406312,36.2914641,Japan
Taiyo Yuden Company Limited ,139.0033576,36.3220692,Japan
Taiyo Yuden Company Limited ,138.8435131,36.5892054,Japan
Taiyo Yuden Company Limited ,138.2860345,37.1828665,Japan
Taiyo Yuden Company Limited ,128.0623546,35.0653762,Korea
Taiyo Yuden Company Limited ,110.4051689,1.5196032,Malaysia
Taiyo Yuden Company Limited ,123.962854,10.3006408,Philippines
TDK Corporation,113.4939816,22.1705396,China
TDK Corporation,113.807579,22.7897512,China
TDK Corporation,113.8897043,22.8963606,China
TDK Corporation,113.6662272,23.0847558,China
TDK Corporation,118.1151089,24.604661,China
TDK Corporation,120.42042,27.164832,China
TDK Corporation,120.669699,31.325791,China
TDK Corporation,119.941353,36.738723,China
TDK Corporation,121.614682,38.914003,China
TDK Corporation,138.4731036,35.5822824,Japan
TDK Corporation,138.484629,36.313331,Japan
TDK Corporation,139.8325336,38.9497751,Japan
TDK Corporation,139.8974673,39.0211534,Japan
TDK Corporation,139.9176646,39.2474779,Japan
TDK Corporation,141.1131535,39.2867738,Japan
TDK Corporation,140.0560668,39.384799,Japan
TDK Corporation,140.1115762,39.4464844,Japan
TDK Corporation,120.9674798,24.8138287,Taiwan
TDK Corporation,-91.53993,44.8393241,United States
Texas Instruments Incorporated,104.066801,30.572815,China
Texas Instruments Incorporated,11.77214,48.39778,Germany
Texas Instruments Incorporated,140.3019858,36.0046011,Japan
Texas Instruments Incorporated,139.875486,37.5373379,Japan
Texas Instruments Incorporated,101.753263,3.1747729,Malaysia
Texas Instruments Incorporated,120.5435929,15.1849415,Philippines
Texas Instruments Incorporated,120.6293678,16.3749505,Philippines
Texas Instruments Incorporated,121.4847906,25.0201847,Taiwan
Texas Instruments Incorporated,-96.7510573,32.9242583,United States
Texas Instruments Incorporated,-96.749979,32.926631,United States
Texas Instruments Incorporated,-96.7529121,32.9291729,United States
Texas Instruments Incorporated,-96.7546074,32.9323441,United States
Texas Instruments Incorporated,-96.7170178,32.9661735,United States
Texas Instruments Incorporated,-70.3216494,43.6409947,United States
The Chemours Company,4.7271216,51.8153327,Netherlands
The Chemours Company,-89.309204,30.3819054,United States
The Chemours Company,-87.97143,36.0385256,United States
The Chemours Company,-75.4924292,39.6805546,United States
The Chemours Company,-80.7253575,41.3303342,United States
TK Group (Holdings) Limited,113.940897,22.763872,China
Tongda Group  Holdings Limited,117.9553686,24.5318591,China
Toshiba Corporation,131.6660204,33.1795911,Japan
Toshiba Corporation,134.5772578,34.8356779,Japan
Toshiba Corporation,136.6019691,35.0104744,Japan
Toshiba Corporation,136.566393,36.453499,Japan
Toyo Rikagaku Kenkyusho Company Limited,121.063306,31.349997,China
Toyo Rikagaku Kenkyusho Company Limited,121.0737559,31.3505438,China
Toyo Rikagaku Kenkyusho Company Limited,121.0737559,31.3505438,China
TPK Holding Company Limited,118.119147,24.512907,China
Trinseo S.A.,121.006546,24.878755,Taiwan
Triotek Technology Incorporated,114.091167,22.814473,China
Tripod Technology Corporation,120.3968308,31.6541187,China
Tsujiden Company Limited,129.9838012,32.9367864,Japan
Tsujiden Company Limited,129.9529954,33.0290079,Japan
TTM Technologies Incorporated,113.745017,23.048579,China
TTM Technologies Incorporated,113.468534,23.159556,China
TTM Technologies Incorporated,121.271694,31.034454,China
TTM Technologies Incorporated,121.2550255,31.0914818,China
UACJ Corporation,121.0535145,31.3547323,China
UACJ Corporation,136.8947097,35.1113471,Japan
Unimicron Technology Corporation,120.770586,31.319614,China
Unimicron Technology Corporation,141.607555,42.8771444,Japan
Unimicron Technology Corporation,120.9720893,24.8066209,Taiwan
Unimicron Technology Corporation,121.3304604,24.9817929,Taiwan
Unimicron Technology Corporation,121.324397,24.982227,Taiwan
Unimicron Technology Corporation,121.2879351,25.0734843,Taiwan
Unisteel Technology Limited,121.302416,31.352165,China
Unisteel Technology Limited,121.293328,31.361583,China
Unitech Printed Circuit Board Corporation,121.8362716,24.6398688,Taiwan
Unitech Printed Circuit Board Corporation,121.4128716,24.9601504,Taiwan
Western Digital Corporation,121.446782,31.01437,China
Western Digital Corporation,101.5564138,13.9257787,Thailand
Wickeder Group,7.8678537,51.4917122,Germany
Wickeder Group,-71.2712484,41.9484046,United States
Winox Enterprise  Company Limited,114.289528,23.17277,China
Wistron Corporation,113.448954,22.5672839,China
Wistron Corporation,113.5762874,22.5755154,China
Wistron Corporation,120.979297,31.34291,China
Wistron Corporation,77.5603217,12.9762494,India
Wistron Corporation,77.539905,13.02491,India
Xiamen Jan Jia Optoelectronics Company Limited,118.24136,24.6342329,China
Yageo Corporation,113.7380613,23.0490934,China
Yageo Corporation,120.551288,31.276953,China
Yageo Corporation,120.3484368,22.7394995,Taiwan
Yageo Corporation,120.348687,22.7396383,Taiwan
Young Poong Corporation,126.795241,37.3110103,Korea
Zeniya Aluminum  Engineering Limited,113.780735,22.772903,China
Zeniya Aluminum  Engineering Limited,113.8397748,22.8027225,China
Zhen Ding Technology Holding Limited,113.8565196,22.7884795,China
Zhen Ding Technology Holding Limited,119.1498532,33.607692,China
Zhen Ding Technology Holding Limited,119.4674149,39.9298639,China
Zhenghe Group,114.2993699,22.7804029,China